"","text","created","isRetweet","longitude","latitude"
"1","Breaking: Justin Bieber says he'll take over Dr. Ben Carson's campaign &amp; make it a world wide tour..something Carson can sign off on","3/5/16 2:53",FALSE,-87.2971948,32.6716527
"2","Dr. Ben Carson has suspended everything but his need for a good nap, catch him next time on the GOP Debate stage gettin' some zzz in!","3/5/16 2:37",FALSE,-87.29766838,32.67168819
"3","While this is usually fun, the idea of Ben Carsonâ€™s face projected on the sky is infinitely creepy. Jay Pharoah, Iâ€™m so, so sorry.","3/5/16 1:02",FALSE,-117.8526324,33.64380868
"4","RT @CABNewsOnline: Dr. Ben Carson formally announced his departure from the GOP race a few hours ago at #CPAC2016 https://t.co/k0w6KcRbuo","3/5/16 0:56",TRUE,NA,NA
"5","Dr. Ben Carson formally announced his departure from the GOP race a few hours ago at #CPAC2016 https://t.co/k0w6KcRbuo","3/5/16 0:56",FALSE,-77.01750797,38.78108885
"6","Dr. Ben Carson has formally dropped out of the Republican race for president https://t.co/3kSsCzDnts","3/5/16 0:30",FALSE,-74.00001602,40.71669795
"7","Ben Carson has officially ended his campaign for President. @DenverChannel https://t.co/EwLaf6rLg1","3/5/16 0:24",FALSE,-104.9945934,39.74601199
"8","#greta. Ben Carson just said Pacific instead of specific, LOL. Very funny. #FoxNewsOnTheRecord","3/5/16 0:12",FALSE,-81.95251718,41.36426397
"9","Ben Carson officially declares he is dropping out of 2016 presidential race. @FOXBaltimore https://t.co/Bj8Y0TEpM0","3/5/16 0:12",FALSE,-76.6155346,39.30190319
"10","Dr. Ben Carson reveals his next campaign: getting Christians to the polls https://t.co/ocwJ7yM1W2","3/5/16 0:05",FALSE,-96.77401775,32.79755357
"11","Ben Carson officially suspends his presidential campaign https://t.co/ixMKxyhmKs","3/5/16 0:05",FALSE,-71.0552516,42.3561185
"12","Ben Carson just suspended his presidential campaign during his CPAC speech. https://t.co/hJOSPdQ2es","3/4/16 23:56",FALSE,-97.74361687,30.26960519
"13","Former Hopkins surgeon Ben Carson officially ends campaign for GOP presidential nomination. https://t.co/mHoh8i5D5Q","3/4/16 23:56",FALSE,-76.6155346,39.30190319
"14","Ben Carson drops out of GOP presidential race - https://t.co/boS8VsytN7","3/4/16 23:50",FALSE,-122.3324783,47.6054773
"15","Dr. Dr. Ben Carson vows to stay actively involved in the grassroots of the presidential election this year CPAC2016â€_ https://t.co/ac98WjwL8Z","3/4/16 23:47",FALSE,-95.3618441,29.75523769
"16","Dr. Dr. Ben Carson announces he is withdrawing from the presidential race amidst protests from the crowd CPAC @CPAC https://t.co/ac98WjwL8Z","3/4/16 23:47",FALSE,-95.3618441,29.75523769
"17","Ben Carson drops out of 2016 presidential race https://t.co/WTXdDtZ991","3/4/16 23:47",FALSE,-117.166272,32.7143122
"18","RT @DJ_BMONEY: Ben Carson Finally dropped out.","3/4/16 23:40",TRUE,NA,NA
"19","Ben Carson drops out of GOP presidential race https://t.co/UAx9DgbyRq","3/4/16 23:40",FALSE,-80.84079342,35.22483977
"20","Ben Carson Finally dropped out.","3/4/16 23:39",FALSE,-80.20276129,26.26973084
"21","Covering Dr Ben Carson's last event as GOP candidate for president #2016 @ Gaylord Nationalâ€_ https://t.co/lrUMZmXzXY","3/4/16 23:35",FALSE,-77.01718685,38.78157399
"22","Ben Carson has officially ended his campaign for president in 2016. abc15 https://t.co/vXxtVYefFG","3/4/16 23:31",FALSE,-112.093793,33.46889822
"23","Dr. Dr. Ben Carson ends his speech with a standing ovation CPAC https://t.co/ac98WjwL8Z","3/4/16 23:31",FALSE,-95.3618441,29.75523769
"24","RT @CalebBonham: Ben Carson speaking at #cpac2016 #CPAC @ Conservative Political Action Conference (CPAC) https://t.co/L1HU5KkzQN","3/4/16 23:27",TRUE,NA,NA
"25","I sort of got a selfie with Ben Carson. @ Gaylord National Resort &amp; Convention Center https://t.co/ofeDoVQODu","3/4/16 23:26",FALSE,-77.01718685,38.78157399
"26","Ben Carson announces he is ending his presidential campaign abc13 https://t.co/Lshbk9srFm","3/4/16 23:13",FALSE,-95.3618441,29.75523769
"27","(AP) -- Ben Carson officially drops out, declines to endorse any candidate for the Republican nomination @FOX4 https://t.co/9Gnj3qdu87","3/4/16 23:13",FALSE,-96.77401775,32.79755357
"28","THIS JUST IN: Ben Carson announces he is ending his bid for Republican presidential nomination https://t.co/pzketwC5uN","3/4/16 23:13",FALSE,-118.2453354,34.05161048
"29","JUST IN: Dr. Ben Carson is suspending his presidential campaign Election2016 @KHOU https://t.co/ac98WjwL8Z","3/4/16 23:13",FALSE,-95.3618441,29.75523769
"30","Ben Carson officially suspends presidential campaign https://t.co/NR283tOL6U","3/4/16 23:13",FALSE,-117.166272,32.7143122
"31","Ben Carson has officially dropped out of the 2016 presidential race @FOX29philly https://t.co/WXW4CawiRz","3/4/16 23:13",FALSE,-75.16645509,39.93997834
"32","JUST IN: Ben Carson drops out of presidental race https://t.co/V57bPunlwQ","3/4/16 23:13",FALSE,-75.16645509,39.93997834
"33","Ben Carson officially drops out of presidential race 10TV @10TV https://t.co/6JeXvOLZv9","3/4/16 23:13",FALSE,-82.99527267,39.96378925
"34","@tedcruz SO YOUR FINE WITH
BECKS THREATS TO TRUMP
U pulled same stunt
In Iowa
With ben carson
Liar&amp;cheat cruz","3/4/16 23:08",FALSE,-75.0708889,40.0172817
"35","Ben Carson speaking at #cpac2016 #CPAC @ Conservative Political Action Conference (CPAC) https://t.co/L1HU5KkzQN","3/4/16 23:05",FALSE,-77.01717262,38.78193145
"36","JUST IN: Ben Carson has officially suspended his campaign for president https://t.co/FARKYfTVJd","3/4/16 23:05",FALSE,-77.03733586,38.90181532
"37","Ben Carson officially drops out of presidential race https://t.co/NNvcjojVkl","3/4/16 23:05",FALSE,-74.00001602,40.71669795
"38","WATCH: Ben Carson: ""I'm leaving the campaign trail"" https://t.co/tmEwTsDsMH","3/4/16 23:05",FALSE,-74.00001602,40.71669795
"39","Ben Carson officially suspends campaign - https://t.co/boS8VsytN7","3/4/16 22:59",FALSE,-122.3324783,47.6054773
"40","JUST IN: Ben Carson leaves race for new job at voter outreach group https://t.co/RmNqw1zY2l","3/4/16 22:57",FALSE,-80.19240081,25.78111669
"41","Ben Carson drops out of GOP presidential race https://t.co/ozNSYNrZMJ","3/4/16 22:57",FALSE,-96.77401775,32.79755357
"42","JUST IN: Republican Ben Carson announces he is ending his presidential campaign https://t.co/3uxse266DA","3/4/16 22:57",FALSE,-122.414876,37.78678264
"43","Ben Carson officially drops out of GOP presidential race https://t.co/uR3PoBDiU9","3/4/16 22:57",FALSE,-96.77401775,32.79755357
"44","Ben Carson officially ends his campaign for Republican presidential nomination https://t.co/zXpv5wkxd3","3/4/16 22:57",FALSE,-118.2453354,34.05161048
"45","If Ben Carson dropped out..Herman Cain should hop in to replace him í _í¸¸","3/4/16 22:54",FALSE,-89.9533,34.9716
"46","Ben Carson drops out of presidential race @wjxt4 https://t.co/PopdzExEOb","3/4/16 22:47",FALSE,-81.65339546,30.32633066
"47","Dr. Ben Carson has dropped out of the presidential race. @cbsbaltimore https://t.co/Bj8Y0TEpM0","3/4/16 22:47",FALSE,-76.6155346,39.30190319
"48","Dr. Ben Carson on the main stage on cpac. Says what America lacks is leadership, and is layingâ€_ https://t.co/XkKYJC5NAt","3/4/16 22:23",FALSE,-77.01717262,38.78193145
"49","Is Ben carson thinking trump?","3/4/16 22:22",FALSE,-86.2458655,32.3845909
"50","Welcoming Ben Carson @ Gaylord Convention Center CPAC https://t.co/vnHxETPTRh","3/4/16 22:18",FALSE,-77.01761082,38.78053799
"51","RT @dougigem: Bad luck Ben Carson https://t.co/AREX8Nck5v","3/4/16 21:32",TRUE,NA,NA
"52","At a clients location, walked around the corner &amp; who's standing there? Ben Carson. No joke (@ Downtown Austin) https://t.co/lbHTIfhwrt","3/4/16 20:48",FALSE,-97.74096208,30.26693421
"53","Bad luck Ben Carson https://t.co/AREX8Nck5v","3/4/16 20:19",FALSE,-118.2610173,33.783671
"54","[WATCH] Armstrong Williams Confirms Ben Carsonâ€™s Presidential Campaign Over with Roland Martin  https://t.co/Aje5ReUPko","3/4/16 13:56",FALSE,-74.0007613,40.7207559
"55","RT @calwan: Clear winner of #GOPDebate Ben Carson.","3/4/16 4:04",TRUE,NA,NA
"56","Clear winner of #GOPDebate Ben Carson.","3/4/16 4:03",FALSE,-76.72477067,39.88060466
"57","Missing Ben Carson. It's like they're down a keyboard player.","3/4/16 3:40",FALSE,-73.847851,40.938932
"58","As usual the moderators act like Ben Carson isn't even there..... Oh wait.. #RepublicanDebate","3/4/16 2:59",FALSE,-122.0805893,48.06378714
"59","Class: Inventions of Ben Franklin for Jason (@ The International Printing Museum in Carson, CA) https://t.co/vF5kn7RwtH","3/3/16 20:14",FALSE,-118.282524,33.842304
"60","lack of courage , 'fire' and strength,frankly that's his whole campaign RT @WalshFreedom:Ben Carson can't even end his campaign competently.","3/3/16 17:03",FALSE,-76.26565841,36.73873874
"61","#TBT....Ben Carson. @ UPS https://t.co/adBvbRnwTU","3/3/16 15:02",FALSE,-87.91909179,42.92003291
"62","Nooo Ben Carson dnt leave haven't u heard once u go black u never go back !!!","3/3/16 13:08",FALSE,-79.3931344,36.5838224
"63","Ben Carson won't be attending tonight's GOP debate, says he sees no ""political path forward"" after SuperTuesday https://t.co/AFHDAFBhb3","3/3/16 11:42",FALSE,-77.03733586,38.90181532
"64","RT @Hashtag1USA: @mitchellvii I heard Ben Carson and Donald Trump talked today on a lengthy phone call what was spoke abt is yet to be deteâ€_","3/3/16 11:34",TRUE,NA,NA
"65","RT @Hashtag1USA: @mitchellvii I heard Ben Carson and Donald Trump talked today on a lengthy phone call what was spoke abt is yet to be deteâ€_","3/3/16 11:32",TRUE,NA,NA
"66","RT @Hashtag1USA: @mitchellvii I heard Ben Carson and Donald Trump talked today on a lengthy phone call what was spoke abt is yet to be deteâ€_","3/3/16 11:23",TRUE,NA,NA
"67","Ben Carson's bizarre presidential campaign's best moments https://t.co/9St1rnVbIq","3/3/16 8:30",FALSE,-80.069251,26.350777
"68","After a disappointing Super Tuesday, Carson says he doesn't â€œsee a political path forwardâ€ù https://t.co/2f9Bb6cIOB","3/3/16 8:20",FALSE,-115.1394668,36.16144999
"69","RT @Hashtag1USA: @mitchellvii I heard Ben Carson and Donald Trump talked today on a lengthy phone call what was spoke abt is yet to be deteâ€_","3/3/16 6:46",TRUE,NA,NA
"70","@NBCPolitics 
M.Joseph Hurley Construction
# On The Contrary ...
Dr Ben Carson Excellent Writer...
Republican Advisor ...
#TeamTrump2016","3/3/16 6:21",FALSE,-79.6497522,43.5521676
"71","RT @Hashtag1USA: @mitchellvii I heard Ben Carson and Donald Trump talked today on a lengthy phone call what was spoke abt is yet to be deteâ€_","3/3/16 5:59",TRUE,NA,NA
"72","Dr. Ben Carson set an amazing example in his campaign. The epitome of someone who doesn't let their poverty past define who they are today.","3/3/16 5:36",FALSE,-85.65763303,30.22801796
"73","RT @Hashtag1USA: @mitchellvii I heard Ben Carson and Donald Trump talked today on a lengthy phone call what was spoke abt is yet to be deteâ€_","3/3/16 4:29",TRUE,NA,NA
"74","RT @Hashtag1USA: @mitchellvii I heard Ben Carson and Donald Trump talked today on a lengthy phone call what was spoke abt is yet to be deteâ€_","3/3/16 4:24",TRUE,NA,NA
"75","Donald Trump's campaign manager still dishonestly lying about Cruz campaign and Ben Carson's IA run, I am so sick to death of it. #notworthy","3/3/16 4:13",FALSE,-104.6121006,39.46821329
"76","There's a rumor going around that Ben Carson will be dropping out soon...or is Ted up to his dirty tricks again?!","3/3/16 4:04",FALSE,-72.8625822,40.8227265
"77","RT @maciejepson: Ben Carson Sees No â€˜Political Path Forwardâ€™ for Campaign - ABC News https://t.co/ybvBU6Diwu (via @ABC)","3/3/16 3:59",TRUE,NA,NA
"78","RT @Hashtag1USA: @mitchellvii I heard Ben Carson and Donald Trump talked today on a lengthy phone call what was spoke abt is yet to be deteâ€_","3/3/16 3:56",TRUE,NA,NA
"79","RT @chnorton1: Happiness doesn't result from what we get, but from what we give. - Ben Carson","3/3/16 3:42",TRUE,NA,NA
"80","RT @chnorton1: Happiness doesn't result from what we get, but from what we give. - Ben Carson","3/3/16 3:37",TRUE,NA,NA
"81","RT @Hashtag1USA: @mitchellvii I heard Ben Carson and Donald Trump talked today on a lengthy phone call what was spoke abt is yet to be deteâ€_","3/3/16 3:35",TRUE,NA,NA
"82","RT @chnorton1: Happiness doesn't result from what we get, but from what we give. - Ben Carson","3/3/16 3:34",TRUE,NA,NA
"83","RT @Hashtag1USA: @mitchellvii I heard Ben Carson and Donald Trump talked today on a lengthy phone call what was spoke abt is yet to be deteâ€_","3/3/16 3:27",TRUE,NA,NA
"84","Happiness doesn't result from what we get, but from what we give. - Ben Carson","3/3/16 3:22",FALSE,-90.36606928,32.16976123
"85","RT @Hashtag1USA: @mitchellvii I heard Ben Carson and Donald Trump talked today on a lengthy phone call what was spoke abt is yet to be deteâ€_","3/3/16 3:19",TRUE,NA,NA
"86","RT @Hashtag1USA: @mitchellvii I heard Ben Carson and Donald Trump talked today on a lengthy phone call what was spoke abt is yet to be deteâ€_","3/3/16 3:13",TRUE,NA,NA
"87","RT @maciejepson: Ben Carson Sees No â€˜Political Path Forwardâ€™ for Campaign - ABC News https://t.co/ybvBU6Diwu (via @ABC)","3/3/16 3:08",TRUE,NA,NA
"88","RT @Hashtag1USA: @mitchellvii I heard Ben Carson and Donald Trump talked today on a lengthy phone call what was spoke abt is yet to be deteâ€_","3/3/16 2:54",TRUE,NA,NA
"89","RT @Hashtag1USA: @mitchellvii I heard Ben Carson and Donald Trump talked today on a lengthy phone call what was spoke abt is yet to be deteâ€_","3/3/16 2:51",TRUE,NA,NA
"90","RT @Hashtag1USA: @mitchellvii I heard Ben Carson and Donald Trump talked today on a lengthy phone call what was spoke abt is yet to be deteâ€_","3/3/16 2:49",TRUE,NA,NA
"91","RT @Hashtag1USA: @mitchellvii I heard Ben Carson and Donald Trump talked today on a lengthy phone call what was spoke abt is yet to be deteâ€_","3/3/16 2:43",TRUE,NA,NA
"92","RT @Hashtag1USA: @mitchellvii I heard Ben Carson and Donald Trump talked today on a lengthy phone call what was spoke abt is yet to be deteâ€_","3/3/16 2:42",TRUE,NA,NA
"93","RT @Hashtag1USA: @mitchellvii I heard Ben Carson and Donald Trump talked today on a lengthy phone call what was spoke abt is yet to be deteâ€_","3/3/16 2:41",TRUE,NA,NA
"94","RT @Hashtag1USA: @mitchellvii I heard Ben Carson and Donald Trump talked today on a lengthy phone call what was spoke abt is yet to be deteâ€_","3/3/16 2:39",TRUE,NA,NA
"95","RT @Hashtag1USA: @mitchellvii I heard Ben Carson and Donald Trump talked today on a lengthy phone call what was spoke abt is yet to be deteâ€_","3/3/16 2:35",TRUE,NA,NA
"96","RT @Hashtag1USA: @mitchellvii I heard Ben Carson and Donald Trump talked today on a lengthy phone call what was spoke abt is yet to be deteâ€_","3/3/16 2:29",TRUE,NA,NA
"97","RT @Hashtag1USA: @mitchellvii I heard Ben Carson and Donald Trump talked today on a lengthy phone call what was spoke abt is yet to be deteâ€_","3/3/16 2:29",TRUE,NA,NA
"98","RT @Hashtag1USA: @mitchellvii I heard Ben Carson and Donald Trump talked today on a lengthy phone call what was spoke abt is yet to be deteâ€_","3/3/16 2:26",TRUE,NA,NA
"99","RT @Hashtag1USA: @mitchellvii I heard Ben Carson and Donald Trump talked today on a lengthy phone call what was spoke abt is yet to be deteâ€_","3/3/16 2:25",TRUE,NA,NA
"100","RT @Hashtag1USA: @mitchellvii I heard Ben Carson and Donald Trump talked today on a lengthy phone call what was spoke abt is yet to be deteâ€_","3/3/16 2:25",TRUE,NA,NA
"101","@mitchellvii I heard Ben Carson and Donald Trump talked today on a lengthy phone call what was spoke abt is yet to be determined","3/3/16 2:19",FALSE,-83.6924693,32.5299857
"102","Dr. Ben Carson called on his fellow Republican contenders to meetâ€_ https://t.co/Y2xHLflZWi","3/3/16 2:12",FALSE,-73.94143603,40.81779717
"103","I hope Trump doesn't win. I hope that either Ben Carson or Ted Cruz or Rubio will be our next president in 2016. https://t.co/IYzGfuU2am","3/3/16 1:37",FALSE,-85.0606878,41.09501021
"104","Well ol' Ben Carson is winding down all we need now is for Donny to go bye bye!!!","3/3/16 1:15",FALSE,-78.4434435,42.0796883
"105","Young metro don't trust Ben Carson either since he clearly can't even answer the simple question","3/2/16 23:57",FALSE,-77.17970806,39.13740028
"106","@RealBenCarson Ben Carson cracked "".....thank you for not asking me about an overdue library book in 5th grade"".  Ben challenged the media.","3/2/16 23:22",FALSE,-71.35168429,41.87797523
"107","@RealBenCarson Ben Carson clearly LOVED this country the United States of American.","3/2/16 23:19",FALSE,-71.35173486,41.87800581
"108","@RealBenCarson Ben Carson made us all laugh during the first Republican debate with his ""brains"" joke/comment.  Ben Carson made us THINK.","3/2/16 23:18",FALSE,-71.35173486,41.87800581
"109","@RealBenCarson Ben Carson on school shootings. Ben Carson said he wouldn't just stand there and be executed and hoped others would fight too","3/2/16 23:14",FALSE,-71.35174094,41.87787931
"110","@RealBenCarson Ben Carson held up a sign ""I am Christian"" standing up for his faith all-the-while Christians were being beheaded by ISIS","3/2/16 23:12",FALSE,-71.35176754,41.87787176
"111","Will Ben Carson throw his support behind Cruz (as he should) or suck up to Donald Trump like Christie did?","3/2/16 23:11",FALSE,-75.6170156,39.290898
"112","@RealBenCarson Ben Carson was the first presidential candidate to say  michael brown was a ""bad actor"" #CourageUnderFire","3/2/16 23:11",FALSE,-71.3517946,41.87784113
"113","I hear Ben Carson is ending his book tutorial tour, must be kinda sad he's been sleeping this whole time in the GOP race for POTUS!","3/2/16 22:48",FALSE,-87.29749949,32.67143707
"114","Gifted hands, questionable political prowess. Farewell, Ben Carson.â€_ https://t.co/STzGoKMGx6","3/2/16 21:46",FALSE,-71.4532089,42.9455414
"115","Ben Carson won't attend GOP debate in Detroit; does not see 'political path forward' https://t.co/C0uk7oqBhD","3/2/16 21:37",FALSE,-83.04848769,42.33312717
"116","~ Ben Carson says no 'path forward' after primary losses, will not attend GOP debate on Thursday. Fox4Electionsâ€_ https://t.co/9Gnj3qdu87","3/2/16 21:37",FALSE,-96.77401775,32.79755357
"117","wow, i really didnâ€™t think ben carson was going to drop out before 2018","3/2/16 21:15",FALSE,-90.06504328,29.95051643
"118","Ben Carson won't be attending the FOX GOP debate, and he might be dropping out of the race https://t.co/Mg5E5D5kAI","3/2/16 21:03",FALSE,-97.74361687,30.26960519
"119","John Kasich just told those in attendance @ his town hall event that Ben Carson has suspended his campaign.â€_ https://t.co/dvpilZa0EY","3/2/16 21:02",FALSE,-112.093793,33.46889822
"120","Ben Carson says he no longer sees a path to win the GOP nomination.  Im glad he wasn't my Dr because everyone else saw that a year ago","3/2/16 21:01",FALSE,-95.64272979,29.70397225
"121","Detroit native Dr. Ben Carson effectively ending campaign https://t.co/4M1XjMvhnK","3/2/16 20:47",FALSE,-83.04848769,42.33312717
"122","- Ben Carson suspends his campaign for the GOP presidential nomination 8NNPolitics 8NN @8NewsNow https://t.co/MWovzBusRg","3/2/16 20:46",FALSE,-115.1394668,36.16144999
"123","Le rÃ©publicain Ben Carson se retire de la course Ã  la Maison-Blanche au lendemain du SuperTuesday https://t.co/6WhXAdvHtK","3/2/16 20:29",FALSE,-73.57086325,45.50644992
"124","Ben Carson appears to be out. Says he won't attend tomorrow's GOPDebate, sees ""no path forward"" after last night'sâ€_ https://t.co/xyjgVC5XPe","3/2/16 20:15",FALSE,-87.90968018,43.04137104
"125","Ben Carson says he will not attend Thursday GOP debate in Detroit. Says, â€œ I do not see a political path forward.â€ùâ€_ https://t.co/iJyANcKlWp","3/2/16 20:12",FALSE,-83.04848769,42.33312717
"126","Here's where Carson's support may go. https://t.co/uSFeD5frUW","3/2/16 20:01",FALSE,-73.971836,40.798598
"127","Here's where Carson's support may go. https://t.co/W4rY08S0v1","3/2/16 20:01",FALSE,-73.971836,40.798598
"128","RT @PhiladelphiaCP: JUST IN: Ben Carson does ""not see a political path forward,"" will skip tomorrow's GOPDebate. -Katherine Faulders https:â€_","3/2/16 19:55",TRUE,NA,NA
"129","Sources say Ben Carson has suspended his campaign https://t.co/PaadjhhyS7","3/2/16 19:54",FALSE,-77.03733586,38.90181532
"130","Ben Carson says he does not see a ""political path forward"" in his bid for the White House https://t.co/MJdkmrGn7y","3/2/16 19:54",FALSE,-74.00001602,40.71669795
"131","Ben Carson says he sees no ""political path forward,"" will skip Thursday GOPdebate https://t.co/zPoT7RvQKz","3/2/16 19:54",FALSE,-71.0552516,42.3561185
"132","ANNOUNCED: Ben Carson announces there's 'no way forward' https://t.co/4iujtXf4rb","3/2/16 19:54",FALSE,-80.84079342,35.22483977
"133","JUST IN: Ben Carson does ""not see a political path forward,"" will skip tomorrow's GOPDebate. -Katherine Faulders https://t.co/F4OaKS6XAq","3/2/16 19:54",FALSE,-74.00001602,40.71669795
"134","JUST IN: Ben Carson does ""not see a political path forward,"" will skip tomorrow's GOPDebate. -Katherine Faulders https://t.co/WXW4CawiRz","3/2/16 19:54",FALSE,-75.16645509,39.93997834
"135","RT @fergnerduson: Ben Carson: â€œI concedeâ€ù
Us: whoâ€™s that guy?","3/2/16 19:46",TRUE,NA,NA
"136","@burnzalot420 lmfaoo I was talmbout Ben Carson but them too í _í¸‚í _í¸‚í _í¸‚í _í¸‚","3/2/16 19:46",FALSE,-95.97940766,30.09009009
"137","Ben Carson: â€œI concedeâ€ù
Us: whoâ€™s that guy?","3/2/16 19:45",FALSE,-77.59058007,37.68205137
"138","Ben Carson is on his way out of the Republican race for president, says he won't attend tomorrow's GOPdebate https://t.co/rnaSxQqGFo","3/2/16 19:38",FALSE,-118.2453354,34.05161048
"139","Ben Carson says in statement he does not see political path forward in 2016 campaign. https://t.co/MWovzBusRg","3/2/16 19:38",FALSE,-115.1394668,36.16144999
"140","Report: Ben Carson expected to tell supporters there's no ""path forward"" https://t.co/w4qtrn2SI2","3/2/16 19:38",FALSE,-76.6155346,39.30190319
"141","Source: BenCarson to suspend his campaign https://t.co/ECr3L75lvy","3/2/16 19:38",FALSE,-82.99527267,39.96378925
"142","JUST IN: Ben Carson does ""not see a political path forward,"" will skip tomorrow's GOPDebate. -Katherine Faulders https://t.co/EwLaf6rLg1","3/2/16 19:38",FALSE,-104.9945934,39.74601199
"143","JUST IN: Ben Carson does ""not see a political path forward,"" will skip tomorrow's GOPDebate. -Katherine Faulders https://t.co/9Gnj3qdu87","3/2/16 19:38",FALSE,-96.77401775,32.79755357
"144","#ABCPolitics: Ben Carson sees no "" #political path forward"" for campaign https://t.co/KtGCsswpCb https://t.co/Mj0TZbk888""
#news #politics","3/2/16 19:33",FALSE,-76.8303162,18.0099914
"145","Ben Carson Sees No â€˜Political Path Forwardâ€™ for Campaign - ABC News https://t.co/ybvBU6Diwu (via @ABC)","3/2/16 19:31",FALSE,-81.3790922,41.4240951
"146","@realDonaldTrump Ben Carson dropped out of the race and has suspended his campaign. #Trump","3/2/16 19:24",FALSE,-81.9524653,41.36426045
"147","It looks like Super Tuesday was a realâ€_eye-openerâ€_for Ben Carson. í _í¸ê","3/2/16 19:23",FALSE,-89.22429464,37.71488439
"148","JUST IN: Ben Carson suspends campaign https://t.co/nilBi9e3ah","3/2/16 19:20",FALSE,-106.4855885,31.76017093
"149","@RealBenCarson - Ben Carson spoke from his heart. I hope @realDonaldTrump Donald Trump invites Ben Carson into the Trump cabinet....","3/2/16 19:17",FALSE,-71.35174094,41.87788686
"150","Ben Carson dropping out....","3/2/16 19:12",FALSE,-89.9533,34.9716
"151","Ben Carson going to jump ship","3/2/16 19:11",FALSE,-71.1166079,42.4175469
"152","Ben Carson saw a future in politics before super tuesday/","3/2/16 19:11",FALSE,-77.0036245,38.8949433
"153","#Texas law is bullshit. Ask any doctor. Even Ben Carson if he can recall what's it like not toâ€_ https://t.co/RSXKdxXLAQ","3/2/16 17:35",FALSE,-77.07403792,38.90617302
"154","Ben Carson, and the other low scoring are only staying in to divert votes from trump..","3/2/16 10:14",FALSE,-122.2732631,37.9989257
"155","Ben Carson's answered prayers https://t.co/WjDCvP4Qg0","3/2/16 6:29",FALSE,-87.90968018,43.04137104
"156","@smerconish the ""Ben Carson"" may actually be the best choice after tonight #cheers  #SuperTuesday https://t.co/2k0eBUk0UE","3/2/16 5:50",FALSE,-75.5745097,40.5313522
"157","The Latest on SuperTuesday: Ben Carson blames rotten political system for poor showing. https://t.co/sYg1eSu2PF","3/2/16 4:13",FALSE,-98.48699646,29.42989111
"158","Remember Ben Carson?","3/2/16 4:10",FALSE,-97.76198193,30.443325
"159","@joshgroban https://t.co/qpuqeR9ZGv Ben Carson's victory speech. Hope Ben wins! TORONTO","3/2/16 3:33",FALSE,-79.4516294,44.0341003
"160","@ThatDickScott and why the hell is Ben Carson still in?","3/2/16 2:34",FALSE,-86.09409037,39.98767911
"161","RT @j_w_84: Ben Carson supporter wearing a Confederate flag belt buckle. Thoughtâ€_ https://t.co/0vDgMFXhNn","3/2/16 1:48",TRUE,NA,NA
"162","Ben Carson supporter wearing a Confederate flag belt buckle. Thoughtâ€_ https://t.co/0vDgMFXhNn","3/2/16 1:44",FALSE,-93.426653,44.479463
"163","BREAKING: CNN just informed me that Dr. Ben Carson was still in the race.","3/2/16 1:36",FALSE,-73.99482166,40.66343685
"164","Clearly Ben Carson should spend less of his campaign donations on fundraising and more on copy editing.  https://t.co/fL5ebVWqgW","3/1/16 20:53",FALSE,-78.87170173,42.91103263
"165","Ben Carson to host a Super Tuesday event in Maryland, not one of the 14 states holding primaries. https://t.co/NrfDEK7Qu4","3/1/16 17:20",FALSE,-76.6155346,39.30190319
"166","Ben Carson: Politics 'is a slimy thing' https://t.co/dxLPcqjESM","3/1/16 15:53",FALSE,-87.90968018,43.04137104
"167","RT @roythomas970: Also through this campaign . I want to thank TRUMP for showing DR Ben Carson respect while media and debate team ignores â€_","3/1/16 15:45",TRUE,NA,NA
"168","At my polling station: An abundance of Trump signs...and one lonely sign for Ben Carson. Noâ€_ https://t.co/p5Xw4aqFOy","3/1/16 15:45",FALSE,-76.5237427,37.1561203
"169","RT @roythomas970: Also through this campaign . I want to thank TRUMP for showing DR Ben Carson respect while media and debate team ignores â€_","3/1/16 15:27",TRUE,NA,NA
"170","Also through this campaign . I want to thank TRUMP for showing DR Ben Carson respect while media and debate team ignores him .","3/1/16 15:19",FALSE,-87.6856055,30.4329873
"171","GV is playing 700club w/ Ben Carson &amp; Im ready to burn Kirkhof down I'm so enraged.","3/1/16 15:15",FALSE,-85.88838509,42.96275903
"172","Ben Carson IS SO FUCKING DUMB I cannot even relate to the tards who support him","3/1/16 15:14",FALSE,-85.88829981,42.96316434
"173","With Dr. Ben Carson in the Broadview Media studio. Just wrapped up our 4th live shot with himâ€_ https://t.co/YTKFgzTb9r","3/1/16 13:32",FALSE,-86.29898184,32.37484669
"174","Happy #SuperTuesday, or as Ben Carson will know it, ""The worst day of my adult life!""","3/1/16 12:57",FALSE,-88.73907968,41.91628049
"175","RT @Hashtag1USA: Ben Carson: I was offered money to get out of the race and offered a Senate position .. GOPe is so PATHETIC!!
#AlwaysTrump","3/1/16 12:49",TRUE,NA,NA
"176","RT @Hashtag1USA: Ben Carson: I was offered money to get out of the race and offered a Senate position .. GOPe is so PATHETIC!!
#AlwaysTrump","3/1/16 12:38",TRUE,NA,NA
"177","RT @Hashtag1USA: Ben Carson: I was offered money to get out of the race and offered a Senate position .. GOPe is so PATHETIC!!
#AlwaysTrump","3/1/16 12:22",TRUE,NA,NA
"178","RT @Hashtag1USA: Ben Carson: I was offered money to get out of the race and offered a Senate position .. GOPe is so PATHETIC!!
#AlwaysTrump","3/1/16 12:21",TRUE,NA,NA
"179","Ben Carson: I was offered money to get out of the race and offered a Senate position .. GOPe is so PATHETIC!!
#AlwaysTrump","3/1/16 12:20",FALSE,-83.6924693,32.5299857
"180","Ted Cruz, Ben Carson visit Nashville ahead of Super Tuesday https://t.co/1sBc1kNSl9","3/1/16 2:13",FALSE,-86.782056,36.158887
"181","#VoteBeninstead The reason Ben Carson should not drop out is beacause i would like America to survive the next 4 years","2/29/16 22:28",FALSE,-94.1604447,43.7673672
"182","""@juliussharpe:Ben Carson makes me wonder if maybe surgery is easier than I thought.""-saw this tweet reworded/ plagiarized!Give credit, fool","2/29/16 10:07",FALSE,-73.9524837,40.7839693
"183","""But we have a bunch of fire extinguishers, we are going to put the fire out and put the fire in our bellies"" - Ben Carson","2/29/16 5:29",FALSE,-96.00147,46.31373
"184","RT @epfeffin: At this point I'm so far into the #Oscars I might as well keep going. This must be how Ben Carson feels.","2/29/16 5:11",TRUE,NA,NA
"185","RT @epfeffin: At this point I'm so far into the #Oscars I might as well keep going. This must be how Ben Carson feels.","2/29/16 4:53",TRUE,NA,NA
"186","RT @epfeffin: At this point I'm so far into the #Oscars I might as well keep going. This must be how Ben Carson feels.","2/29/16 4:53",TRUE,NA,NA
"187","RT @epfeffin: At this point I'm so far into the #Oscars I might as well keep going. This must be how Ben Carson feels.","2/29/16 4:53",TRUE,NA,NA
"188","RT @epfeffin: At this point I'm so far into the #Oscars I might as well keep going. This must be how Ben Carson feels.","2/29/16 4:53",TRUE,NA,NA
"189","RT @epfeffin: At this point I'm so far into the #Oscars I might as well keep going. This must be how Ben Carson feels.","2/29/16 4:53",TRUE,NA,NA
"190","RT @epfeffin: At this point I'm so far into the #Oscars I might as well keep going. This must be how Ben Carson feels.","2/29/16 4:53",TRUE,NA,NA
"191","At this point I'm so far into the #Oscars I might as well keep going. This must be how Ben Carson feels.","2/29/16 4:52",FALSE,-83.61436362,41.66855135
"192","RT @EmperorAndoe: Go home Ben Carson","2/29/16 2:25",TRUE,NA,NA
"193","RT @EmperorAndoe: Go home Ben Carson","2/29/16 2:23",TRUE,NA,NA
"194","RT @EmperorAndoe: Go home Ben Carson","2/29/16 2:22",TRUE,NA,NA
"195","Seeing Ben Carson speak. (@ Rock Springs Church in Milner, GA) https://t.co/ODEh1tRUyC","2/28/16 22:35",FALSE,-84.10518175,33.19249836
"196","RT @LuanaMacLac: EXCLUSIVE: Ben Carson Says Hillary Clinton's Dow Chemical Scandal Is""Washington Run Amok' - Breitbart https://t.co/O2sums5â€_","2/28/16 22:33",TRUE,NA,NA
"197","EXCLUSIVE: Ben Carson Says Hillary Clinton's Dow Chemical Scandal Is""Washington Run Amok' - Breitbart https://t.co/O2sums5LPl via @Breitbart","2/28/16 22:32",FALSE,-111.8328708,40.7284718
"198","Final version of my Ben Carson story is posted, complete with candidate's reference to Roman coliseum. https://t.co/fU2rceWrwc","2/28/16 22:20",FALSE,-90.04617767,35.14414333
"199","The CA's Daniel Connolly was with Dr. Ben Carson Sunday morning in Memphis as Carson made several stops. https://t.co/os9lgp8JLr","2/28/16 18:59",FALSE,-90.04617767,35.14414333
"200","@FoxNews @RealBenCarson Dr. Ben Carson YOU hit the nail on the head!!!","2/28/16 18:53",FALSE,-80.58773307,28.02372418
"201","Ben Carson now speaking to the media @EPreston_WREG3 https://t.co/dQiVzaNCjf","2/28/16 17:53",FALSE,-90.04617767,35.14414333
"202","Ben Carson might make some moves if he names the brothers in Clipse as his running mates. Theyâ€_ https://t.co/5nlnCjNjLz","2/28/16 16:12",FALSE,-73.919542,40.66971608
"203","BenCarson won't name names, says those who want him to drop out can â€œgo jump in a lake.â€ù https://t.co/rmg3QOtURg","2/28/16 12:27",FALSE,-96.77401775,32.79755357
"204","@americanprofess @RealBenCarson no one is following you budí _í¸Å! I was commenting to Ben Carson. You stuck your nose in.","2/28/16 11:11",FALSE,-94.6605754,38.9110723
"205","Ben Carson holds townhall meeting https://t.co/TgkSQrzqVq","2/28/16 4:41",FALSE,-96.94339752,32.88869858
"206","Ben Carson holds townhall meeting https://t.co/BvuDk5fHu8","2/28/16 4:41",FALSE,-96.95010376,32.7989006
"207","Yikes I thought Ben Carson was a sure VP pick for Trump.  Now probably Christie.
https://t.co/FIYL6emLxx","2/27/16 23:05",FALSE,-97.39992553,27.80891666
"208","Other than Trump I believe only Ben Carson would really deal with ISIS in a positive way.Both know how to delegate power.","2/27/16 22:39",FALSE,-119.8032835,39.500907
"209","Ben Carson rallies Texas supporters https://t.co/kmhAvDXWaE","2/27/16 22:07",FALSE,-97.31947022,32.72791305
"210","Ben Carson says he has been offered political positions to drop out | Tristan Hallman https://t.co/MMO9LV4IRO","2/27/16 22:07",FALSE,-96.77401775,32.79755357
"211","Ben Carson said a few days ago that Barack Obama is not black enough. My latest column offers a response https://t.co/V9LqLhb9eN","2/27/16 20:25",FALSE,-80.19240081,25.78111669
"212","My car was more low energy than Ben Carson, so I'm getting the battery replaced. (@ Ft Lauderdale Nissan) https://t.co/ga984ATlxe","2/27/16 20:16",FALSE,-80.13691,26.10961
"213","In Irving, Ben Carson says he has been offered money to drop out of race | Tristan Hallman https://t.co/NLfDVCdipZ","2/27/16 18:29",FALSE,-96.77401775,32.79755357
"214","Good ole Ben Carson..... https://t.co/GJLfxzSnRX","2/27/16 17:41",FALSE,-82.55333927,28.05976991
"215","Ben Carson: ""We have to do our best and let God do the rest."" @annatinsley https://t.co/5ROp0iZssp","2/27/16 16:14",FALSE,-97.31947022,32.72791305
"216","Ben Carson has arrived @annatinsley https://t.co/5ROp0iZssp","2/27/16 16:14",FALSE,-97.31947022,32.72791305
"217","Crowd is gathering for Ben Carson at the Westin hotel near the DFW airport. @annatinsley https://t.co/5ROp0iZssp","2/27/16 14:52",FALSE,-97.31947022,32.72791305
"218","RT @thepeoplesview: Cornel West and Ben Carson's Racist Assault on President Obama and the American Ethnic Experience  https://t.co/pJDZKXNâ€_","2/27/16 8:32",TRUE,NA,NA
"219","RT @thepeoplesview: Black Enough: An American Rejection of Cornel West and Ben Carson's Racial Purity Tests  https://t.co/pJDZKXN8DU","2/27/16 7:37",TRUE,NA,NA
"220","RT @thepeoplesview: Black Enough: An American Rejection of Cornel West and Ben Carson's Racial Purity Tests  https://t.co/pJDZKXN8DU","2/27/16 7:32",TRUE,NA,NA
"221","Ben Carson said Trump may not be a total disaster if he is the delegate. https://t.co/zkEqkEgiaq","2/27/16 6:17",FALSE,-90.04617767,35.14414333
"222","Hey Ben Carson, were you even at the debate last night? I want my. Contributions back !","2/27/16 2:44",FALSE,-73.713823,41.12558751
"223","US has turned into the ""what can you do for me society"" Ben Carson in Nashville @hereandnow @nprpolitics #electionroadtrip","2/27/16 2:36",FALSE,-86.7921423,36.1493754
"224","RT @thepeoplesview: Cornel West and Ben Carson's Racist Assault on President Obama and the American Ethnic Experience  https://t.co/pJDZKXNâ€_","2/27/16 1:57",TRUE,NA,NA
"225","RT @thepeoplesview: Cornel West and Ben Carson's Racist Assault on President Obama and the American Ethnic Experience  https://t.co/pJDZKXNâ€_","2/27/16 1:56",TRUE,NA,NA
"226","RT @thepeoplesview: Cornel West and Ben Carson's Racist Assault on President Obama and the American Ethnic Experience  https://t.co/pJDZKXNâ€_","2/26/16 23:23",TRUE,NA,NA
"227","RT @thepeoplesview: Cornel West and Ben Carson's Racist Assault on President Obama and the American Ethnic Experience  https://t.co/pJDZKXNâ€_","2/26/16 23:22",TRUE,NA,NA
"228","RT @thepeoplesview: Cornel West and Ben Carson's Racist Assault on President Obama and the American Ethnic Experience  https://t.co/pJDZKXNâ€_","2/26/16 23:21",TRUE,NA,NA
"229","RT @thepeoplesview: Cornel West and Ben Carson's Racist Assault on President Obama and the American Ethnic Experience  https://t.co/pJDZKXNâ€_","2/26/16 23:20",TRUE,NA,NA
"230","Surprise. The genuinely sweet sounding but kinda weird sounding guy @MikeGrunwald saw at #GOPDebate isn't Ben Carson https://t.co/ADBBbWoxNG","2/26/16 22:50",FALSE,-80.25996172,25.79704345
"231","RT @thepeoplesview: Black Enough: An American Rejection of Cornel West and Ben Carson's Racial Purity Tests  https://t.co/pJDZKXN8DU","2/26/16 22:44",TRUE,NA,NA
"232","RT @thepeoplesview: Black Enough: An American Rejection of Cornel West and Ben Carson's Racial Purity Tests  https://t.co/pJDZKXN8DU","2/26/16 22:42",TRUE,NA,NA
"233","RT @thepeoplesview: Black Enough: An American Rejection of Cornel West and Ben Carson's Racial Purity Tests  https://t.co/pJDZKXN8DU","2/26/16 22:41",TRUE,NA,NA
"234","Black Enough: An American Rejection of Cornel West and Ben Carson's Racial Purity Tests  https://t.co/pJDZKXN8DU","2/26/16 22:40",FALSE,-74.02101734,40.72817129
"235","RT @realDonaldTrump: Ben Carson has never created a job in his life (well, maybe a nurse). I have created tens of thousands of jobs, it's wâ€_","2/26/16 22:04",TRUE,NA,NA
"236","RT @thepeoplesview: Cornel West and Ben Carson's Racist Assault on President Obama and the American Ethnic Experience  https://t.co/pJDZKXNâ€_","2/26/16 21:50",TRUE,NA,NA
"237","RT @thepeoplesview: Cornel West and Ben Carson's Racist Assault on President Obama and the American Ethnic Experience  https://t.co/pJDZKXNâ€_","2/26/16 21:39",TRUE,NA,NA
"238","@godhearus @tedcruz faster please. You're putting me to sleep.  Like Ben Carson.","2/26/16 21:31",FALSE,-94.5950835,38.9665357
"239","RT @thepeoplesview: Cornel West and Ben Carson's Racist Assault on President Obama and the American Ethnic Experience  https://t.co/pJDZKXNâ€_","2/26/16 21:15",TRUE,NA,NA
"240","RT @thepeoplesview: Cornel West and Ben Carson's Racist Assault on President Obama and the American Ethnic Experience  https://t.co/pJDZKXNâ€_","2/26/16 21:09",TRUE,NA,NA
"241","Cornel West and Ben Carson's Racist Assault on President Obama and the American Ethnic Experience  https://t.co/pJDZKXN8DU","2/26/16 21:07",FALSE,-74.02101734,40.72817129
"242","Carson has probably said â€œthe fruit salad of your headâ€ù to a patient before https://t.co/IvEIFtiu06","2/26/16 20:59",FALSE,-73.963152,40.718335
"243","Shocking but true @FrankLuntz: Ben Carsonâ€™s ""everyone has rights, but no one has extra rights"" won the religious liberty debate.","2/26/16 16:59",FALSE,-73.619044,40.6832224
"244","""Will somebody please attack me? - Ben Carson GOP Debate (@ McDonald's in Cincinnati, OH) https://t.co/B2Ypqt5EVi","2/26/16 13:12",FALSE,-84.48495113,39.12579269
"245","Ben Carson, ha... https://t.co/cx0yj3aYvm","2/26/16 12:30",FALSE,-82.55323851,28.0598311
"246","@realDonaldTrump best line of the night "" politicians are all talk and no action"" 2nd best line Ben Carson "" will someone attack me please!","2/26/16 11:55",FALSE,-75.7310079,39.7682787
"247","Ben Carson's closing argument: ""Several years ago, there was a movie made about these hands"" GOPDebate https://t.co/hRAMhNYvin","2/26/16 7:37",FALSE,-74.00001602,40.71669795
"248","RT @dylanhaines4: Finally a reasonable take on health care and insurance from my man Ben Carson!! #GOPDebate","2/26/16 6:44",TRUE,NA,NA
"249","â€œCan somebody attack me please?â€ù Ben Carson says during heated GOPDebate https://t.co/Og16Mkqv9h","2/26/16 6:30",FALSE,-71.0552516,42.3561185
"250","Ben Carson is clearly in the pocket of Big Meme.","2/26/16 5:58",FALSE,-121.4788356,38.56381263
"251","Dr. Ben Carson: 'Can somebody attack me, please?' GOPDebate https://t.co/823GOPKOPn","2/26/16 5:08",FALSE,-95.3618441,29.75523769
"252","We try to make sense of Carson's ""fruit salad of their life"" quote during the GOPDebate https://t.co/rxD8CFAYix","2/26/16 5:08",FALSE,-95.3618441,29.75523769
"253","Ignored at debate, Ben Carson asks, 'Can somebody attack me please?' https://t.co/GWY9nZcdIQ","2/26/16 5:08",FALSE,-122.3324783,47.6054773
"254","@FoxNews. Karma prevails !  RT @DTeambanning: Ben Carson Gives Obama a Dose Of His Own Race Card (cont) https://t.co/cNWvSgcgpa","2/26/16 4:55",FALSE,-85.94723833,36.99099099
"255","@mashable no one's going to attack Ben Carson because we all feel sorry for him í _í¸_","2/26/16 4:25",FALSE,-114.2850332,35.14269437
"256","Best moment of the GOPDebate ""Can somebody attack me?"" -Ben Carson @JBWeather https://t.co/9LZOi2FNDq","2/26/16 4:20",FALSE,-98.48699646,29.42989111
"257","RT @Houston_CP: line of the night comes from Dr. Ben Carson ""Could somebody attack me please?"" applause in the filing centerâ€_ https://t.co/â€_","2/26/16 4:10",TRUE,NA,NA
"258","line of the night comes from Dr. Ben Carson ""Could somebody attack me please?"" applause in the filing centerâ€_ https://t.co/ac98WjwL8Z","2/26/16 4:02",FALSE,-95.3618441,29.75523769
"259","Social media completely eats up Ben Carson's ""fruit salad"" at GOPDebate. https://t.co/sPB51eVgcN","2/26/16 4:02",FALSE,-87.62626724,41.88804564
"260","My favorite line of the night: Ben Carson, ""I wish someone would attack me."" #GOPDebate","2/26/16 3:55",FALSE,-85.62908764,38.2608358
"261","#GOPDebate If Ben Carson wants attention he should bring a hammer and chase around @realDonaldTrump in the next debate.","2/26/16 3:48",FALSE,-76.72477269,39.88075054
"262","Ben Carson sounds like a kid on the bench for a sport team wanting to play, ""put me in coach"" #gopdebate","2/26/16 3:41",FALSE,-74.582262,40.057382
"263","A rockem-sockem debate! RT @MarkBegley513: â€œCan someone attack me please?â€ù - Ben Carson","2/26/16 3:34",FALSE,-115.2431591,36.20894697
"264","""Can somebody attack me please?"" -Ben Carson","2/26/16 3:32",FALSE,-81.70200907,35.07984392
"265","Best line of the night is from Ben Carson : I wish someone would attack me ! #GOPDebate","2/26/16 3:32",FALSE,-92.39024729,38.92014571
"266","Go home Ben Carson","2/26/16 3:32",FALSE,-90.2534596,38.5959549
"267","Ben Carson: ""Can someone attack me please?"" í _í¸†","2/26/16 3:31",FALSE,-96.002251,46.313689
"268","Ben Carson""Can someone attack me please?"".","2/26/16 3:31",FALSE,-90.0073695,35.1165094
"269","RT @BFostersbox: ""Healthcare is not a right"" - Ben Carson","2/26/16 3:27",TRUE,NA,NA
"270","""Healthcare is not a right"" - Ben Carson","2/26/16 3:18",FALSE,-122.57752,39.02854
"271","Once again Ben Carson is being ignored by the moderators.  Guess CNN likes lively discourse.","2/26/16 3:17",FALSE,-95.3444705,29.7258943
"272","I would love an iso feed of Ben Carson right now.","2/26/16 3:16",FALSE,-122.5138503,37.5428546
"273","""The fruit salad of their life is what I would look at."" -- Ben Carson. FruitSaladOfLife https://t.co/ac98WjwL8Z","2/26/16 2:56",FALSE,-95.3618441,29.75523769
"274","Thanks to Ben Carson for taking time of the debate up to povide some bathroom breaks. You the real MVP #breakingtheseal #Republagerdebate","2/26/16 2:48",FALSE,-75.9936188,36.8373474
"275","Finally a reasonable take on health care and insurance from my man Ben Carson!! #GOPDebate","2/26/16 2:47",FALSE,-97.76016229,30.25665558
"276","I still love Ben Carson but I think it's a 3 man race now. But he would make a great Secretary of State or any Cabinet position.","2/26/16 2:47",FALSE,-82.24083002,35.0168389
"277","Who has Ben Carson saying â€œI donâ€™t get to talk muchâ€ù? Drink! #GOPDebateDrinkingGame","2/26/16 2:46",FALSE,-122.3616149,47.53085009
"278","Listening to Ben Carson meander during an otherwise fiery #GOPDebate is the human equivalent of elevator music.","2/26/16 2:45",FALSE,-73.93976691,40.81172308
"279","Ben Carson: â€œHealth Care is not a right, itâ€™s a responsibility of a responsible society.â€ù","2/26/16 2:44",FALSE,-114.1836668,51.0696313
"280","When Ben Carson doesn't hear the question GOPDebate https://t.co/GnOKEJiNCI","2/26/16 2:39",FALSE,-74.00001602,40.71669795
"281","Ben Carson gets his first question in more than 10 minutes and he didn't hear it GOPDebate https://t.co/3P3bB8iWAe","2/26/16 2:39",FALSE,-74.00001602,40.71669795
"282","@hkcollectibles while considering it I saw a Ben Carson interview and not long after adopted the Ben Carson. Grown back out since some","2/26/16 2:38",FALSE,-80.0587748,40.526957
"283","Ben Carson should start talking about aliens. This is his chance. https://t.co/0OjYMhN1sF","2/26/16 2:38",FALSE,-79.37536382,43.64842391
"284","Ben Carson will look at people tossing salad. Uh, I think.... uhm... yeah #RepublagerDebate","2/26/16 2:33",FALSE,-75.9935838,36.8372996
"285","Ben Carson debate strategy: recite the end of the pledge of allegiance over and over. ""Liberty and justice for all"" #GOPDebate","2/26/16 2:19",FALSE,-73.94270661,40.8454758
"286","I could listen to Ben Carson talk all day.","2/26/16 2:17",FALSE,-122.5138796,37.54291212
"287","Ben Carson was asleep... #republicandebate","2/26/16 2:17",FALSE,-74.06176569,41.18969572
"288","Did we lost Ben Carson?","2/26/16 2:14",FALSE,-87.54446812,37.97131063
"289","Yo Ben Carson answers every question like he just woke up from a nap #RepublagerDebate","2/26/16 2:01",FALSE,-75.9935458,36.8372485
"290","If I'm Ben Carson, I start dancing or juggling fire sticks and see if I can get even a split screen frame of myself on camera. #GOPDebate","2/26/16 1:58",FALSE,-73.94272704,40.84552979
"291","Oh Ben Carson","2/26/16 1:50",FALSE,-97.60002013,35.39389706
"292","When they cut to Ben Carson...

#GOPDebate https://t.co/FpCjhxVURc","2/26/16 1:32",FALSE,-90.253643,38.5958315
"293","Plot twist: Ben Carson eviscerates Trump on stage tonight and was a sleeper agent the whole time. 

Please?

Anyone? 

Help.","2/25/16 22:41",FALSE,-77.0056216,38.89947238
"294","Lobby of the Magnolia Hotel Downtown Houston. Dr. Ben Carson is staying here also.â€_ https://t.co/8o4ZQ2ayFL","2/25/16 22:07",FALSE,-95.3614,29.7589
"295","Ted Cruz keeps saying hes the only 1 whos beat Trump ... what a fool hes hanging on to Iowa win that he stole from Ben Carson #Idiot","2/25/16 12:19",FALSE,-83.6924693,32.5299857
"296","RT @RadicalGrambo: Dr. Ben Carson was very inspiring tonight on Kelly file! Fair is fair!(I would prefer for Marco to drop out!)","2/25/16 7:28",TRUE,NA,NA
"297","RT @RadicalGrambo: Dr. Ben Carson was very inspiring tonight on Kelly file! Fair is fair!(I would prefer for Marco to drop out!)","2/25/16 6:43",TRUE,NA,NA
"298","I love Ben Carson. He would make a fantastic Prez...in a diff time. America is too complex now for his gentle soul.","2/25/16 5:58",FALSE,-104.9969765,39.5448112
"299","Ben Carson in Eyes Wide Shut #GOPMovies @midnight","2/25/16 5:23",FALSE,-95.40547969,29.18559826
"300","Dr. Ben Carson was very inspiring tonight on Kelly file! Fair is fair!(I would prefer for Marco to drop out!)","2/25/16 4:15",FALSE,-83.36047674,41.5285715
"301","Ben Carson:Am ppl will wake up and take control. Yep we will.","2/25/16 3:55",FALSE,-104.9970147,39.54470072
"302","NEW Dr. Ben Carson receives friendly welcome by 1200 Republicans in Houston. CBSDFW https://t.co/9Gnj3qdu87","2/25/16 3:18",FALSE,-96.77401775,32.79755357
"303","It's really gonna pop tonight! Ben Carson is on the flyer so you know it's gonna crack! í _í¸ˆâ€_ https://t.co/6UOQ8KTHDp","2/24/16 23:10",FALSE,-117.887041,33.69875301
"304","Talks at the Schomburg: ""Who's Afraid of Ben Carson?"" The Loneliness of the Black Republican. #BeingOpenMinded https://t.co/AdUGI7Klj1","2/24/16 23:04",FALSE,-73.9410079,40.81432412
"305","#WeVoted í _í·ºí _í·¸í _í·ºí _í·¸í _í·ºí _í·¸
#HealInspireRevive 
#MakeAmericaGreatAgain @ Kerrville, Texas https://t.co/oCVPFwFYX7","3/2/16 1:19",FALSE,-99.1405,30.0465
"306","NEW: Dr. Ben Carson on endorsing Donald Trump: ""I am leaning in that direction."" -Katherine Faulders https://t.co/F4OaKS6XAq","3/10/16 23:45",FALSE,-74.00001602,40.71669795
"307","â€œ@LouisJMarinelli: Ben Carson, who dropped out of the prez race last week, currently has more votes in Mississippi than Marco Rubio.â€ù Ouch!","3/9/16 1:32",FALSE,-74.00220955,40.73822082
"308","RT @CalebBonham: Ben Carson speaking at #cpac2016 #CPAC @ Conservative Political Action Conference (CPAC) https://t.co/L1HU5KkzQN","3/7/16 14:48",TRUE,NA,NA
"309","Sara had one last surprise for me last night. We went and had dinner at Carson's Kitchen inâ€_ https://t.co/EIAr26d7ux","3/6/16 18:55",FALSE,-115.1404724,36.1679497
"310","#thisweek anytime ,you can keep a conversation on.topic than your stable minded ,Mr.Trump and Ben Carson ,can't say to the Topic !","3/6/16 16:13",FALSE,-96.8533001,32.7791646
"311","@byulivetime @seanhoward1985 @PattyDs50 Ted Cruz is the true outsider of the current field. Ben Carson was an outsider. Trumpâ€™s a donor.","3/6/16 6:38",FALSE,-87.49766772,33.1744355
"312","Bye Ben Carson, thanks for playing","3/5/16 6:40",FALSE,-96.002047,46.313485
"313","@MattyIceAZ  I have to see Ben Carson awake for me to believe he made that endorsement.","2016-03-11 14:58:46",FALSE,-87.576808,41.7371762
"314","RT @realDonaldTrump: Ben Carson has never created a job in his life (well, maybe a nurse). I have created tens of thousands of jobs, it's w‚Ä¶","2016-03-11 14:56:01",TRUE,NA,NA
"315","RT @realDonaldTrump: Ben Carson has never created a job in his life (well, maybe a nurse). I have created tens of thousands of jobs, it's w‚Ä¶","2016-03-11 14:54:12",TRUE,NA,NA
"316","‚Äú@shomaristone: Retired neurosurgeon Ben Carson endorses his former rival Donald Trump for President. I used to think more highly of Ben.","2016-03-11 14:52:11",FALSE,-81.7540418,26.12782525
"317","RT @realDonaldTrump: Ben Carson has never created a job in his life (well, maybe a nurse). I have created tens of thousands of jobs, it's w‚Ä¶","2016-03-11 14:51:57",TRUE,NA,NA
"318","@CNNMex @realDonaldTrump do you want a war?? No doubt as Ben Carson said Drumpf is so cerebral but in the butthole","2016-03-11 14:51:37",FALSE,-101.6786104,21.1711375
"319","""@guardian: Ben Carson endorses Donald Trump: 'He's very cerebral' ‚Äì campaign live https://t.co/9J3P2O9yuO"" piece of shit","2016-03-11 14:43:42",FALSE,-101.6786104,21.1711375
"320","Donald Trump says Dr. Ben Carson will get involved in campaign; education, healthcare a focus. NBC 6 South Florida‚Ä¶ https://t.co/es7aiSSg3e","2016-03-11 14:43:10",FALSE,-80.19240081,25.78111669
"321","- Ben Carson formally endorses Donald J. Trump. Watch Live Now. https://t.co/sW1aKrMedf","2016-03-11 14:43:10",FALSE,-80.19240081,25.78111669
"322","RT @realDonaldTrump: I spell out some of the differences between Ben Carson and myself at 9:00 A.M. on @CNN @jaketapper. Ben is very weak o‚Ä¶","2016-03-11 14:40:07",TRUE,NA,NA
"323","RT @realDonaldTrump: Ben Carson has never created a job in his life (well, maybe a nurse). I have created tens of thousands of jobs, it's w‚Ä¶","2016-03-11 14:37:06",TRUE,NA,NA
"324","Ben Carson isn't the only political whore.","2016-03-11 14:35:37",FALSE,-87.5776163,41.7374117
"325","RT @realDonaldTrump: I spell out some of the differences between Ben Carson and myself at 9:00 A.M. on @CNN @jaketapper. Ben is very weak o‚Ä¶","2016-03-11 14:31:55",TRUE,NA,NA
"326","RT @realDonaldTrump: Ben Carson has never created a job in his life (well, maybe a nurse). I have created tens of thousands of jobs, it's w‚Ä¶","2016-03-11 14:31:29",TRUE,NA,NA
"327","@MSNBC @RealBenCarson  Ben Carson you should be able to hear the voices of the thousands of lynching victims that the Klan supporters killed","2016-03-11 14:31:18",FALSE,-87.5765587,41.7371489
"328","RT @realDonaldTrump: Ben Carson has never created a job in his life (well, maybe a nurse). I have created tens of thousands of jobs, it's w‚Ä¶","2016-03-11 14:30:48",TRUE,NA,NA
"329","Ben Carson endorsed Trump rip","2016-03-11 14:30:20",FALSE,-114.13377078,51.07787025
"330","RT @realDonaldTrump: Ben Carson has never created a job in his life (well, maybe a nurse). I have created tens of thousands of jobs, it's w‚Ä¶","2016-03-11 14:29:58",TRUE,NA,NA
"331","This just in. Carson's an idiot RT @ABC7: THIS JUST IN: Ben Carson says he is endorsing Donald Trump for president
https://t.co/v49ozQAJEX","2016-03-11 14:28:46",FALSE,-118.914505,35.354805
"332","RT @realDonaldTrump: Ben Carson has never created a job in his life (well, maybe a nurse). I have created tens of thousands of jobs, it's w‚Ä¶","2016-03-11 14:27:20",TRUE,NA,NA
"333","RT @realDonaldTrump: Ben Carson has never created a job in his life (well, maybe a nurse). I have created tens of thousands of jobs, it's w‚Ä¶","2016-03-11 14:27:14",TRUE,NA,NA
"334","RT @realDonaldTrump: Ben Carson has never created a job in his life (well, maybe a nurse). I have created tens of thousands of jobs, it's w‚Ä¶","2016-03-11 14:27:10",TRUE,NA,NA
"335","RT @realDonaldTrump: Ben Carson has never created a job in his life (well, maybe a nurse). I have created tens of thousands of jobs, it's w‚Ä¶","2016-03-11 14:26:51",TRUE,NA,NA
"336","RT @realDonaldTrump: Ben Carson has never created a job in his life (well, maybe a nurse). I have created tens of thousands of jobs, it's w‚Ä¶","2016-03-11 14:26:27",TRUE,NA,NA
"337","RT @realDonaldTrump: I spell out some of the differences between Ben Carson and myself at 9:00 A.M. on @CNN @jaketapper. Ben is very weak o‚Ä¶","2016-03-11 14:25:43",TRUE,NA,NA
"338","RT @realDonaldTrump: Ben Carson has never created a job in his life (well, maybe a nurse). I have created tens of thousands of jobs, it's w‚Ä¶","2016-03-11 14:25:26",TRUE,NA,NA
"339","RT @TPerrysburg: Keep in mind that Ben Carson is the product of the Detroit public schools. We've have lost so much since the Great Society.","2016-03-11 14:24:22",TRUE,NA,NA
"340","Dr. Ben Carson to endorse former rival Donald Trump for president. https://t.co/FeVhxRzn5V","2016-03-11 14:24:17",FALSE,-121.89176639,37.3324843
"341","| Ben Carson to endorse Donald Trump https://t.co/eo9QIQTn50","2016-03-11 14:24:15",FALSE,-81.65339546,30.32633066
"342","Ben Carson to endorse Donald Trump https://t.co/eo9QIQTn50","2016-03-11 14:24:13",FALSE,-81.65339546,30.32633066
"343","RT @realDonaldTrump: Ben Carson has never created a job in his life (well, maybe a nurse). I have created tens of thousands of jobs, it's w‚Ä¶","2016-03-11 14:24:06",TRUE,NA,NA
"344","Keep in mind that Ben Carson is the product of the Detroit public schools. We've have lost so much since the Great Society.","2016-03-11 14:23:50",FALSE,-87.54441178,37.97130013
"345","RT @realDonaldTrump: Ben Carson has never created a job in his life (well, maybe a nurse). I have created tens of thousands of jobs, it's w‚Ä¶","2016-03-11 14:22:48",TRUE,NA,NA
"346","RT @realDonaldTrump: Ben Carson has never created a job in his life (well, maybe a nurse). I have created tens of thousands of jobs, it's w‚Ä¶","2016-03-11 14:22:36",TRUE,NA,NA
"347","RT @realDonaldTrump: Ben Carson has never created a job in his life (well, maybe a nurse). I have created tens of thousands of jobs, it's w‚Ä¶","2016-03-11 14:22:10",TRUE,NA,NA
"348","RT @realDonaldTrump: I spell out some of the differences between Ben Carson and myself at 9:00 A.M. on @CNN @jaketapper. Ben is very weak o‚Ä¶","2016-03-11 14:22:02",TRUE,NA,NA
"349","RT @realDonaldTrump: Ben Carson has never created a job in his life (well, maybe a nurse). I have created tens of thousands of jobs, it's w‚Ä¶","2016-03-11 14:20:45",TRUE,NA,NA
"350","RT @realDonaldTrump: I spell out some of the differences between Ben Carson and myself at 9:00 A.M. on @CNN @jaketapper. Ben is very weak o‚Ä¶","2016-03-11 14:20:39",TRUE,NA,NA
"351","RT @realDonaldTrump: Ben Carson has never created a job in his life (well, maybe a nurse). I have created tens of thousands of jobs, it's w‚Ä¶","2016-03-11 14:20:15",TRUE,NA,NA
"352","RT @realDonaldTrump: I spell out some of the differences between Ben Carson and myself at 9:00 A.M. on @CNN @jaketapper. Ben is very weak o‚Ä¶","2016-03-11 14:20:12",TRUE,NA,NA
"353","RT @realDonaldTrump: Ben Carson has never created a job in his life (well, maybe a nurse). I have created tens of thousands of jobs, it's w‚Ä¶","2016-03-11 14:19:31",TRUE,NA,NA
"354","RT @realDonaldTrump: Ben Carson has never created a job in his life (well, maybe a nurse). I have created tens of thousands of jobs, it's w‚Ä¶","2016-03-11 14:18:30",TRUE,NA,NA
"355","Ben Carson tells the truth.","2016-03-11 14:17:54",FALSE,-81.51112021,28.49127405
"356","RT @realDonaldTrump: Ben Carson has never created a job in his life (well, maybe a nurse). I have created tens of thousands of jobs, it's w‚Ä¶","2016-03-11 14:17:49",TRUE,NA,NA
"357","RT @realDonaldTrump: I spell out some of the differences between Ben Carson and myself at 9:00 A.M. on @CNN @jaketapper. Ben is very weak o‚Ä¶","2016-03-11 14:17:22",TRUE,NA,NA
"358","RT @realDonaldTrump: Ben Carson has never created a job in his life (well, maybe a nurse). I have created tens of thousands of jobs, it's w‚Ä¶","2016-03-11 14:17:14",TRUE,NA,NA
"359","Tried to watch, fell asleep.  RT @cnnbrk: LIVE: Ben Carson endorsing Donald Trump. Watch: https://t.co/K7OFDK4k3u https://t.co/azmKVVZoF3","2016-03-11 14:15:45",FALSE,-81.21096488,28.62388282
"360","RT @realDonaldTrump: ""@Presidency2016: Dr Ben Carson @RealBenCarson will just need to sweat it out until Donald Trump leaves the White Hous‚Ä¶","2016-03-11 14:15:09",TRUE,NA,NA
"361","Ben Carson to reportedly endorse Donald Trump Friday &gt;&gt; https://t.co/THOadBOxP3","2016-03-11 14:08:10",FALSE,-104.99459343,39.74601199
"362","Former Hopkins neurosurgeon Dr. Ben Carson expected to endorse Donald Trump for President this morning in Florida. https://t.co/a8159ZsLdo","2016-03-11 13:18:11",FALSE,-76.6155346,39.30190319
"363","@cspanwj   Liberals are upset with Ben Carson because he refused to stay on the Plantation !","2016-03-11 12:58:11",FALSE,-75.0709351,41.0831651
"364","Today's cover: First Chris Christie ‚Äì now Ben Carson reportedly will endorse Donald Trump https://t.co/lLhPed0gIr","2016-03-11 12:28:12",FALSE,-74.00001602,40.71669795
"365","@cspanwj  Ben Carson is an asset to Trump, commonsense !","2016-03-11 12:13:58",FALSE,-75.0707951,41.0831823
"366","Ben Carson wants Surgeon General position ?  Candidates vying for a seat at the table now","2016-03-11 12:11:26",FALSE,-85.1408085,39.8274151
"367","Ben Carson thinks he's seen a different Donald Trump https://t.co/dDb0bCasl8","2016-03-11 11:49:07",FALSE,-118.24533538,34.05161048
"368","Ben Carson to endorse Donald Trump in Florida today 10TV https://t.co/gpXCLR1kNY","2016-03-11 11:14:42",FALSE,-82.99527267,39.96378925
"369","Ben Carson is such a fucking idiot. Seriously how tf did he get through medical school?","2016-03-11 10:33:22",FALSE,-117.3419491,33.9744668
"370","Just when I thought @RealBenCarson had emptied his ""stupid"" quiver, he endorses @realDonaldTrump #uspoli #uspolitics
https://t.co/johDj1TPRV","2016-03-11 06:45:51",FALSE,-123.1333507,49.2870233
"371","RT @realDonaldTrump: Ben Carson has never created a job in his life (well, maybe a nurse). I have created tens of thousands of jobs, it's w‚Ä¶","2016-03-11 04:12:40",TRUE,NA,NA
"372","RT @realDonaldTrump: Ben Carson has never created a job in his life (well, maybe a nurse). I have created tens of thousands of jobs, it's w‚Ä¶","2016-03-11 04:10:21",TRUE,NA,NA
"373","CBS New York
Ben Carson Endorses Donald Trump In GOP Presidential Race
https://t.co/BvAJ8Q1x9z","2016-03-11 03:44:07",FALSE,-73.8341202,40.7062736
"374","Let's just say I am extremely disappointed in Ben Carson.","2016-03-11 03:22:47",FALSE,-75.6167828,39.2910799
"375","Donald Trump confirms Ben Carson will be endorsing him tomorrow morning GOPDebate https://t.co/tzeGFdrJ93","2016-03-11 03:05:07",FALSE,-74.00001602,40.71669795
"376","RT @realDonaldTrump: Ben Carson has never created a job in his life (well, maybe a nurse). I have created tens of thousands of jobs, it's w‚Ä¶","2016-03-11 03:04:53",TRUE,NA,NA
"377","RT @realDonaldTrump: Ben Carson has never created a job in his life (well, maybe a nurse). I have created tens of thousands of jobs, it's w‚Ä¶","2016-03-11 02:39:13",TRUE,NA,NA
"378","RT @realDonaldTrump: Ben Carson has never created a job in his life (well, maybe a nurse). I have created tens of thousands of jobs, it's w‚Ä¶","2016-03-11 02:36:18",TRUE,NA,NA
"379","RT @realDonaldTrump: Ben Carson has never created a job in his life (well, maybe a nurse). I have created tens of thousands of jobs, it's w‚Ä¶","2016-03-11 02:28:16",TRUE,NA,NA
"380","Ben Carson 2 endorse Trump 2morrow. Yea, 4 how much? The minds of book readers wanna know how much ur book is, then we'll figure in the rest","2016-03-11 02:27:45",FALSE,-87.29783895,32.67164184
"381","Donald J. Trump picks up another ex-candidate's endorsement, this time from Dr. Ben Carson by Jon Ward https://t.co/9mNDQdmCSm","2016-03-11 02:25:36",FALSE,-112.09379298,33.46889822
"382","RT @realDonaldTrump: Ben Carson has never created a job in his life (well, maybe a nurse). I have created tens of thousands of jobs, it's w‚Ä¶","2016-03-11 02:24:11",TRUE,NA,NA
"383","RT @realDonaldTrump: Ben Carson has never created a job in his life (well, maybe a nurse). I have created tens of thousands of jobs, it's w‚Ä¶","2016-03-11 02:21:55",TRUE,NA,NA
"384","Ben Carson and I spoke for over an hour. Granted, for 45 minutes of that he was dozing silently - Trump #GOPDebate","2016-03-11 02:18:24",FALSE,-83.6144422,41.66856567
"385","Ben Carson endorses Trump","2016-03-11 02:18:15",FALSE,-110.86745096,32.10810811
"386","Trump announces Ben Carson endorsement from the debate stage","2016-03-11 02:18:07",FALSE,-80.2785,25.7144
"387","RT @realDonaldTrump: Ben Carson has never created a job in his life (well, maybe a nurse). I have created tens of thousands of jobs, it's w‚Ä¶","2016-03-11 02:15:10",TRUE,NA,NA
"388","RT @realDonaldTrump: Ben Carson has never created a job in his life (well, maybe a nurse). I have created tens of thousands of jobs, it's w‚Ä¶","2016-03-11 02:09:54",TRUE,NA,NA
"389","Frankly I feel Ben Carson won the presidency, Yea he dropped out 2 become a Harry Potter character 4 his next big break,.. Trump! #GOPDebate","2016-03-11 02:09:17",FALSE,-87.29772563,32.67175047
"390","JUST IN: Former GOP candidate Dr. Ben Carson to endorse Donald J. Trump tomorrow, CBS News' Sopan Deb reports.‚Ä¶ https://t.co/es7aiSSg3e","2016-03-11 01:59:46",FALSE,-80.19240081,25.78111669
"391","RT @realDonaldTrump: Ben Carson has never created a job in his life (well, maybe a nurse). I have created tens of thousands of jobs, it's w‚Ä¶","2016-03-11 01:58:42",TRUE,NA,NA
"392","RT @realDonaldTrump: Wow, I am ahead of the field with Evangelicals (am so proud of this) and virtually every other group, and Ben Carson j‚Ä¶","2016-03-11 01:55:24",TRUE,NA,NA
"393","RT @realDonaldTrump: Wow, I am ahead of the field with Evangelicals (am so proud of this) and virtually every other group, and Ben Carson j‚Ä¶","2016-03-11 01:53:35",TRUE,NA,NA
"394","RT @realDonaldTrump: Ben Carson has never created a job in his life (well, maybe a nurse). I have created tens of thousands of jobs, it's w‚Ä¶","2016-03-11 01:53:02",TRUE,NA,NA
"395","RT @realDonaldTrump: Wow, I am ahead of the field with Evangelicals (am so proud of this) and virtually every other group, and Ben Carson j‚Ä¶","2016-03-11 01:51:17",TRUE,NA,NA
"396","RT @realDonaldTrump: Wow, I am ahead of the field with Evangelicals (am so proud of this) and virtually every other group, and Ben Carson j‚Ä¶","2016-03-11 01:48:56",TRUE,NA,NA
"397","RT @realDonaldTrump: Ben Carson has never created a job in his life (well, maybe a nurse). I have created tens of thousands of jobs, it's w‚Ä¶","2016-03-11 01:42:46",TRUE,NA,NA
"398","RT @realDonaldTrump: Wow, I am ahead of the field with Evangelicals (am so proud of this) and virtually every other group, and Ben Carson j‚Ä¶","2016-03-11 01:42:03",TRUE,NA,NA
"399","Ben Carson expected to endorse Donald Trump for president tomorrow https://t.co/feNPM2KYXS","2016-03-11 01:37:13",FALSE,-96.77401775,32.79755357
"400","Ben Carson appears poised to endorse Donald Trump https://t.co/dDb0bCasl8","2016-03-11 01:37:07",FALSE,-118.24533538,34.05161048
"401","Sources say Ben Carson will endorse Donald Trump on Friday. DETAILS: WCCB news https://t.co/PfUdlbgcjr","2016-03-11 01:37:07",FALSE,-80.84079342,35.22483977
"402","‚Äú@CarlAlgotsson: Election 2016: Ben Carson to endorse Donald Trump: Sources 03/10/16 | MSNBC | https://t.co/NMrSdXui5J  @msnbc Dumb &amp; Dumber","2016-03-11 01:32:20",FALSE,-74.31566799,42.08820867
"403","RT @realDonaldTrump: Ben Carson has never created a job in his life (well, maybe a nurse). I have created tens of thousands of jobs, it's w‚Ä¶","2016-03-11 01:28:48",TRUE,NA,NA
"404","REPORT: Ben Carson to endorse Donald Trump Friday https://t.co/sqp6o9M92u","2016-03-11 01:25:10",FALSE,-86.15650321,39.76690667
"405","RT @realDonaldTrump: Ben Carson has never created a job in his life (well, maybe a nurse). I have created tens of thousands of jobs, it's w‚Ä¶","2016-03-11 01:25:02",TRUE,NA,NA
"406","Ben Carson to endorse Donald Trump on Friday abc15 https://t.co/fvstmRQoVU","2016-03-11 01:20:05",FALSE,-112.09379298,33.46889822
"407","RT @realDonaldTrump: Ben Carson has never created a job in his life (well, maybe a nurse). I have created tens of thousands of jobs, it's w‚Ä¶","2016-03-11 01:17:46",TRUE,NA,NA
"408","RT @realDonaldTrump: Ben Carson has never created a job in his life (well, maybe a nurse). I have created tens of thousands of jobs, it's w‚Ä¶","2016-03-11 01:17:09",TRUE,NA,NA
"409","RT @realDonaldTrump: Ben Carson has never created a job in his life (well, maybe a nurse). I have created tens of thousands of jobs, it's w‚Ä¶","2016-03-11 01:14:25",TRUE,NA,NA
"410","RT @realDonaldTrump: Ben Carson has never created a job in his life (well, maybe a nurse). I have created tens of thousands of jobs, it's w‚Ä¶","2016-03-11 01:12:54",TRUE,NA,NA
"411","RT @realDonaldTrump: Ben Carson has never created a job in his life (well, maybe a nurse). I have created tens of thousands of jobs, it's w‚Ä¶","2016-03-11 01:11:42",TRUE,NA,NA
"412","RT @realDonaldTrump: Ben Carson has never created a job in his life (well, maybe a nurse). I have created tens of thousands of jobs, it's w‚Ä¶","2016-03-11 01:11:09",TRUE,NA,NA
"413","RT @realDonaldTrump: Ben Carson has never created a job in his life (well, maybe a nurse). I have created tens of thousands of jobs, it's w‚Ä¶","2016-03-11 01:09:43",TRUE,NA,NA
"414","RT @realDonaldTrump: Ben Carson has never created a job in his life (well, maybe a nurse). I have created tens of thousands of jobs, it's w‚Ä¶","2016-03-11 01:09:17",TRUE,NA,NA
"415","Ben Carson plans to endorse Donald Trump https://t.co/SdMSWcHVh3","2016-03-11 01:09:17",FALSE,-74.00001602,40.71669795
"416","Retired neurosurgeon Ben Carson endorses failed steak salesman Donald Trump https://t.co/10LHXiq7pb","2016-03-11 01:09:15",FALSE,-74.00001602,40.71669795
"417","RT @realDonaldTrump: Ben Carson has never created a job in his life (well, maybe a nurse). I have created tens of thousands of jobs, it's w‚Ä¶","2016-03-11 01:08:33",TRUE,NA,NA
"418","RT @realDonaldTrump: Ben Carson has never created a job in his life (well, maybe a nurse). I have created tens of thousands of jobs, it's w‚Ä¶","2016-03-11 01:05:02",TRUE,NA,NA
"419","RT @realDonaldTrump: Ben Carson has never created a job in his life (well, maybe a nurse). I have created tens of thousands of jobs, it's w‚Ä¶","2016-03-11 01:04:45",TRUE,NA,NA
"420","RT @realDonaldTrump: Ben Carson has never created a job in his life (well, maybe a nurse). I have created tens of thousands of jobs, it's w‚Ä¶","2016-03-11 01:04:35",TRUE,NA,NA
"421","Uncle Ruckus ass Nigga RT @NBCNews: JUST IN: Ben Carson to endorse Donald Trump, sources say https://t.co/JwFl28GsRV https://t.co/gwY1pAzzNI","2016-03-11 01:03:31",FALSE,-90.124695,32.488404
"422","RT @realDonaldTrump: Ben Carson has never created a job in his life (well, maybe a nurse). I have created tens of thousands of jobs, it's w‚Ä¶","2016-03-11 01:03:00",TRUE,NA,NA
"423","RT @realDonaldTrump: Ben Carson has never created a job in his life (well, maybe a nurse). I have created tens of thousands of jobs, it's w‚Ä¶","2016-03-11 01:02:07",TRUE,NA,NA
"424","RT @realDonaldTrump: Ben Carson has never created a job in his life (well, maybe a nurse). I have created tens of thousands of jobs, it's w‚Ä¶","2016-03-11 01:00:26",TRUE,NA,NA
"425","RT @realDonaldTrump: Ben Carson has never created a job in his life (well, maybe a nurse). I have created tens of thousands of jobs, it's w‚Ä¶","2016-03-11 01:00:08",TRUE,NA,NA
"426","RT @realDonaldTrump: Ben Carson has never created a job in his life (well, maybe a nurse). I have created tens of thousands of jobs, it's w‚Ä¶","2016-03-11 01:00:02",TRUE,NA,NA
"427","RT @realDonaldTrump: Ben Carson has never created a job in his life (well, maybe a nurse). I have created tens of thousands of jobs, it's w‚Ä¶","2016-03-11 00:59:37",TRUE,NA,NA
"428","RT @realDonaldTrump: Ben Carson has never created a job in his life (well, maybe a nurse). I have created tens of thousands of jobs, it's w‚Ä¶","2016-03-11 00:59:10",TRUE,NA,NA
"429","RT @realDonaldTrump: Ben Carson has never created a job in his life (well, maybe a nurse). I have created tens of thousands of jobs, it's w‚Ä¶","2016-03-11 00:58:27",TRUE,NA,NA
"430","RT @realDonaldTrump: Ben Carson has never created a job in his life (well, maybe a nurse). I have created tens of thousands of jobs, it's w‚Ä¶","2016-03-11 00:56:05",TRUE,NA,NA
"431","RT @realDonaldTrump: Ben Carson has never created a job in his life (well, maybe a nurse). I have created tens of thousands of jobs, it's w‚Ä¶","2016-03-11 00:55:21",TRUE,NA,NA
"432","RT @realDonaldTrump: Ben Carson has never created a job in his life (well, maybe a nurse). I have created tens of thousands of jobs, it's w‚Ä¶","2016-03-11 00:54:29",TRUE,NA,NA
"433","RT @realDonaldTrump: Ben Carson has never created a job in his life (well, maybe a nurse). I have created tens of thousands of jobs, it's w‚Ä¶","2016-03-11 00:54:02",TRUE,NA,NA
"434","RT @realDonaldTrump: Ben Carson has never created a job in his life (well, maybe a nurse). I have created tens of thousands of jobs, it's w‚Ä¶","2016-03-11 00:52:31",TRUE,NA,NA
"435","RT @realDonaldTrump: Ben Carson has never created a job in his life (well, maybe a nurse). I have created tens of thousands of jobs, it's w‚Ä¶","2016-03-11 00:51:23",TRUE,NA,NA
"436","RT @realDonaldTrump: Ben Carson has never created a job in his life (well, maybe a nurse). I have created tens of thousands of jobs, it's w‚Ä¶","2016-03-11 00:49:11",TRUE,NA,NA
"437","RT @realDonaldTrump: Ben Carson has never created a job in his life (well, maybe a nurse). I have created tens of thousands of jobs, it's w‚Ä¶","2016-03-11 00:48:05",TRUE,NA,NA
"438","Ben Carson will endorse Donald Trump on Friday, sources tell CNN https://t.co/Do19LwYWOP","2016-03-11 00:47:09",FALSE,-87.90968018,43.04137104
"439","RT @realDonaldTrump: Ben Carson has never created a job in his life (well, maybe a nurse). I have created tens of thousands of jobs, it's w‚Ä¶","2016-03-11 00:46:33",TRUE,NA,NA
"440","RT @realDonaldTrump: Ben Carson has never created a job in his life (well, maybe a nurse). I have created tens of thousands of jobs, it's w‚Ä¶","2016-03-11 00:45:43",TRUE,NA,NA
"441","RT @realDonaldTrump: Ben Carson has never created a job in his life (well, maybe a nurse). I have created tens of thousands of jobs, it's w‚Ä¶","2016-03-11 00:45:31",TRUE,NA,NA
"442","RT @realDonaldTrump: Ben Carson has never created a job in his life (well, maybe a nurse). I have created tens of thousands of jobs, it's w‚Ä¶","2016-03-11 00:45:19",TRUE,NA,NA
"443","RT @realDonaldTrump: Ben Carson has never created a job in his life (well, maybe a nurse). I have created tens of thousands of jobs, it's w‚Ä¶","2016-03-11 00:44:29",TRUE,NA,NA
"444","RT @realDonaldTrump: Ben Carson has never created a job in his life (well, maybe a nurse). I have created tens of thousands of jobs, it's w‚Ä¶","2016-03-11 00:43:51",TRUE,NA,NA
"445","RT @realDonaldTrump: Ben Carson has never created a job in his life (well, maybe a nurse). I have created tens of thousands of jobs, it's w‚Ä¶","2016-03-11 00:43:24",TRUE,NA,NA
"446","RT @realDonaldTrump: Ben Carson has never created a job in his life (well, maybe a nurse). I have created tens of thousands of jobs, it's w‚Ä¶","2016-03-11 00:43:14",TRUE,NA,NA
"447","RT @realDonaldTrump: Ben Carson has never created a job in his life (well, maybe a nurse). I have created tens of thousands of jobs, it's w‚Ä¶","2016-03-11 00:43:05",TRUE,NA,NA
"448","RT @realDonaldTrump: Ben Carson has never created a job in his life (well, maybe a nurse). I have created tens of thousands of jobs, it's w‚Ä¶","2016-03-11 00:42:39",TRUE,NA,NA
"449","RT @realDonaldTrump: Ben Carson has never created a job in his life (well, maybe a nurse). I have created tens of thousands of jobs, it's w‚Ä¶","2016-03-11 00:42:28",TRUE,NA,NA
"450","RT @realDonaldTrump: Ben Carson has never created a job in his life (well, maybe a nurse). I have created tens of thousands of jobs, it's w‚Ä¶","2016-03-11 00:41:40",TRUE,NA,NA
"451","RT @realDonaldTrump: Ben Carson has never created a job in his life (well, maybe a nurse). I have created tens of thousands of jobs, it's w‚Ä¶","2016-03-11 00:41:15",TRUE,NA,NA
"452","RT @realDonaldTrump: Ben Carson has never created a job in his life (well, maybe a nurse). I have created tens of thousands of jobs, it's w‚Ä¶","2016-03-11 00:41:12",TRUE,NA,NA
"453","RT @realDonaldTrump: Ben Carson has never created a job in his life (well, maybe a nurse). I have created tens of thousands of jobs, it's w‚Ä¶","2016-03-11 00:41:04",TRUE,NA,NA
"454","RT @caljohnson36: Ì†ΩÌ∏ÇÌ†ΩÌ∏ÇÌ†ΩÌ∏Ç RT ""@CNN: .@RealBenCarson: Prisons prove being gay is a choice http://t.co/4Cfawwf60D via @NewDay
https://t.co/C7eY9Y‚Ä¶","2016-03-11 00:40:37",TRUE,NA,NA
"455","RT @realDonaldTrump: Ben Carson has never created a job in his life (well, maybe a nurse). I have created tens of thousands of jobs, it's w‚Ä¶","2016-03-11 00:40:31",TRUE,NA,NA
"456","RT @realDonaldTrump: Ben Carson has never created a job in his life (well, maybe a nurse). I have created tens of thousands of jobs, it's w‚Ä¶","2016-03-11 00:40:30",TRUE,NA,NA
"457","RT @realDonaldTrump: Ben Carson has never created a job in his life (well, maybe a nurse). I have created tens of thousands of jobs, it's w‚Ä¶","2016-03-11 00:40:28",TRUE,NA,NA
"458","RT @realDonaldTrump: Ben Carson has never created a job in his life (well, maybe a nurse). I have created tens of thousands of jobs, it's w‚Ä¶","2016-03-11 00:40:23",TRUE,NA,NA
"459","RT @realDonaldTrump: Ben Carson has never created a job in his life (well, maybe a nurse). I have created tens of thousands of jobs, it's w‚Ä¶","2016-03-11 00:40:18",TRUE,NA,NA
"460","RT @realDonaldTrump: Ben Carson has never created a job in his life (well, maybe a nurse). I have created tens of thousands of jobs, it's w‚Ä¶","2016-03-11 00:39:55",TRUE,NA,NA
"461","RT @realDonaldTrump: Ben Carson has never created a job in his life (well, maybe a nurse). I have created tens of thousands of jobs, it's w‚Ä¶","2016-03-11 00:39:32",TRUE,NA,NA
"462","RT @realDonaldTrump: Ben Carson has never created a job in his life (well, maybe a nurse). I have created tens of thousands of jobs, it's w‚Ä¶","2016-03-11 00:39:31",TRUE,NA,NA
"463","RT @realDonaldTrump: Ben Carson has never created a job in his life (well, maybe a nurse). I have created tens of thousands of jobs, it's w‚Ä¶","2016-03-11 00:39:25",TRUE,NA,NA
"464","RT @realDonaldTrump: Ben Carson has never created a job in his life (well, maybe a nurse). I have created tens of thousands of jobs, it's w‚Ä¶","2016-03-11 00:39:06",TRUE,NA,NA
"465","RT @realDonaldTrump: Ben Carson has never created a job in his life (well, maybe a nurse). I have created tens of thousands of jobs, it's w‚Ä¶","2016-03-11 00:39:00",TRUE,NA,NA
"466","RT @realDonaldTrump: Ben Carson has never created a job in his life (well, maybe a nurse). I have created tens of thousands of jobs, it's w‚Ä¶","2016-03-11 00:38:40",TRUE,NA,NA
"467","RT @realDonaldTrump: Ben Carson has never created a job in his life (well, maybe a nurse). I have created tens of thousands of jobs, it's w‚Ä¶","2016-03-11 00:38:29",TRUE,NA,NA
"468","RT @realDonaldTrump: Ben Carson has never created a job in his life (well, maybe a nurse). I have created tens of thousands of jobs, it's w‚Ä¶","2016-03-11 00:38:21",TRUE,NA,NA
"469","RT @realDonaldTrump: Ben Carson has never created a job in his life (well, maybe a nurse). I have created tens of thousands of jobs, it's w‚Ä¶","2016-03-11 00:38:01",TRUE,NA,NA
"470","RT @realDonaldTrump: Ben Carson has never created a job in his life (well, maybe a nurse). I have created tens of thousands of jobs, it's w‚Ä¶","2016-03-11 00:37:55",TRUE,NA,NA
"471","RT @realDonaldTrump: Ben Carson has never created a job in his life (well, maybe a nurse). I have created tens of thousands of jobs, it's w‚Ä¶","2016-03-11 00:37:44",TRUE,NA,NA
"472","RT @realDonaldTrump: Ben Carson has never created a job in his life (well, maybe a nurse). I have created tens of thousands of jobs, it's w‚Ä¶","2016-03-11 00:37:43",TRUE,NA,NA
"473","RT @realDonaldTrump: Ben Carson has never created a job in his life (well, maybe a nurse). I have created tens of thousands of jobs, it's w‚Ä¶","2016-03-11 00:37:36",TRUE,NA,NA
"474","RT @realDonaldTrump: Ben Carson has never created a job in his life (well, maybe a nurse). I have created tens of thousands of jobs, it's w‚Ä¶","2016-03-11 00:37:35",TRUE,NA,NA
"475","RT @realDonaldTrump: Ben Carson has never created a job in his life (well, maybe a nurse). I have created tens of thousands of jobs, it's w‚Ä¶","2016-03-11 00:37:34",TRUE,NA,NA
"476","RT @realDonaldTrump: Ben Carson has never created a job in his life (well, maybe a nurse). I have created tens of thousands of jobs, it's w‚Ä¶","2016-03-11 00:37:24",TRUE,NA,NA
"477","RT @realDonaldTrump: Ben Carson has never created a job in his life (well, maybe a nurse). I have created tens of thousands of jobs, it's w‚Ä¶","2016-03-11 00:37:22",TRUE,NA,NA
"478","RT @realDonaldTrump: Ben Carson has never created a job in his life (well, maybe a nurse). I have created tens of thousands of jobs, it's w‚Ä¶","2016-03-11 00:37:20",TRUE,NA,NA
"479","RT @realDonaldTrump: Ben Carson has never created a job in his life (well, maybe a nurse). I have created tens of thousands of jobs, it's w‚Ä¶","2016-03-11 00:37:20",TRUE,NA,NA
"480","RT @realDonaldTrump: Ben Carson has never created a job in his life (well, maybe a nurse). I have created tens of thousands of jobs, it's w‚Ä¶","2016-03-11 00:37:16",TRUE,NA,NA
"481","‚Äú@rezaaslan: kettle meet pot https://t.co/s6CYzRtVMN # via HuffPostPol‚Äù","2016-03-11 00:37:13",FALSE,-76.61791549,39.31087425
"482","RT @realDonaldTrump: Ben Carson has never created a job in his life (well, maybe a nurse). I have created tens of thousands of jobs, it's w‚Ä¶","2016-03-11 00:37:04",TRUE,NA,NA
"483","RT @realDonaldTrump: Ben Carson has never created a job in his life (well, maybe a nurse). I have created tens of thousands of jobs, it's w‚Ä¶","2016-03-11 00:36:58",TRUE,NA,NA
"484","RT @realDonaldTrump: Ben Carson has never created a job in his life (well, maybe a nurse). I have created tens of thousands of jobs, it's w‚Ä¶","2016-03-11 00:36:55",TRUE,NA,NA
"485","RT @realDonaldTrump: Ben Carson has never created a job in his life (well, maybe a nurse). I have created tens of thousands of jobs, it's w‚Ä¶","2016-03-11 00:36:36",TRUE,NA,NA
"486","RT @realDonaldTrump: Ben Carson has never created a job in his life (well, maybe a nurse). I have created tens of thousands of jobs, it's w‚Ä¶","2016-03-11 00:36:35",TRUE,NA,NA
"487","RT @realDonaldTrump: Ben Carson has never created a job in his life (well, maybe a nurse). I have created tens of thousands of jobs, it's w‚Ä¶","2016-03-11 00:36:30",TRUE,NA,NA
"488","RT @realDonaldTrump: Ben Carson has never created a job in his life (well, maybe a nurse). I have created tens of thousands of jobs, it's w‚Ä¶","2016-03-11 00:36:29",TRUE,NA,NA
"489","RT @realDonaldTrump: Ben Carson has never created a job in his life (well, maybe a nurse). I have created tens of thousands of jobs, it's w‚Ä¶","2016-03-11 00:35:52",TRUE,NA,NA
"490","RT @realDonaldTrump: Ben Carson has never created a job in his life (well, maybe a nurse). I have created tens of thousands of jobs, it's w‚Ä¶","2016-03-11 00:35:18",TRUE,NA,NA
"491","RT @realDonaldTrump: Ben Carson has never created a job in his life (well, maybe a nurse). I have created tens of thousands of jobs, it's w‚Ä¶","2016-03-11 00:33:14",TRUE,NA,NA
"492","RT @realDonaldTrump: Ben Carson has never created a job in his life (well, maybe a nurse). I have created tens of thousands of jobs, it's w‚Ä¶","2016-03-11 00:32:48",TRUE,NA,NA
"493","RT @realDonaldTrump: Ben Carson has never created a job in his life (well, maybe a nurse). I have created tens of thousands of jobs, it's w‚Ä¶","2016-03-11 00:32:45",TRUE,NA,NA
"494","RT @realDonaldTrump: Ben Carson has never created a job in his life (well, maybe a nurse). I have created tens of thousands of jobs, it's w‚Ä¶","2016-03-11 00:32:41",TRUE,NA,NA
"495","RT @realDonaldTrump: I spell out some of the differences between Ben Carson and myself at 9:00 A.M. on @CNN @jaketapper. Ben is very weak o‚Ä¶","2016-03-11 00:32:38",TRUE,NA,NA
"496","RT @realDonaldTrump: Ben Carson has never created a job in his life (well, maybe a nurse). I have created tens of thousands of jobs, it's w‚Ä¶","2016-03-11 00:32:16",TRUE,NA,NA
"497","RT @realDonaldTrump: Ben Carson has never created a job in his life (well, maybe a nurse). I have created tens of thousands of jobs, it's w‚Ä¶","2016-03-11 00:32:10",TRUE,NA,NA
"498","RT @realDonaldTrump: Ben Carson has never created a job in his life (well, maybe a nurse). I have created tens of thousands of jobs, it's w‚Ä¶","2016-03-11 00:31:59",TRUE,NA,NA
"499","RT @realDonaldTrump: Ben Carson has never created a job in his life (well, maybe a nurse). I have created tens of thousands of jobs, it's w‚Ä¶","2016-03-11 00:31:53",TRUE,NA,NA
"500","JUST IN: Former GOP candidate Dr. Ben Carson to endorse Donald J. Trump tomorrow, CBS News' Sopan Deb reports. https://t.co/9Gnj3qv5wH","2016-03-11 00:31:07",FALSE,-96.77401775,32.79755357
"501","JUST IN: Former GOP candidate Dr. Ben Carson to endorse Donald J. Trump tomorrow, CBS News' Sopan Deb reports. https://t.co/ac98WjwL8Z","2016-03-11 00:31:07",FALSE,-95.3618441,29.75523769
"502","Ben Carson To Endorse Trump As The One The Aliens Built Their Grain Storage Pyramids For, As The Ancient Prophecy‚Ä¶ https://t.co/0OjYMhN1sF","2016-03-11 00:31:05",FALSE,-79.37536382,43.64842391
"503","RT @realDonaldTrump: Ben Carson has never created a job in his life (well, maybe a nurse). I have created tens of thousands of jobs, it's w‚Ä¶","2016-03-11 00:31:00",TRUE,NA,NA
"504","RT @realDonaldTrump: Ben Carson has never created a job in his life (well, maybe a nurse). I have created tens of thousands of jobs, it's w‚Ä¶","2016-03-11 00:29:56",TRUE,NA,NA
"505","RT @realDonaldTrump: Ben Carson has never created a job in his life (well, maybe a nurse). I have created tens of thousands of jobs, it's w‚Ä¶","2016-03-11 00:27:30",TRUE,NA,NA
"506","RT @realDonaldTrump: Ben Carson has never created a job in his life (well, maybe a nurse). I have created tens of thousands of jobs, it's w‚Ä¶","2016-03-11 00:26:28",TRUE,NA,NA
"507","Ben Carson is reportedly planning to endorse Donald Trump on Friday morning https://t.co/OsnVcIAY0D","2016-03-11 00:14:34",FALSE,-71.0552516,42.3561185
"508","Ben Carson endorseing Trump.

What a phoney goody two shoes.","2016-03-11 00:08:37",FALSE,-63.56950125,44.64864865
"509","Ben Carson is all on board the #trumpTrain @ Kaiser Buick GMC https://t.co/1z7sKhVRu3","2016-03-11 00:06:58",FALSE,-81.30323396,28.99938279
